<?xml version="1.0"?>
<!--
    This file is part of PySide project.
    Copyright (C) 2013 Digia Plc and/or its subsidiary(-ies).
    Contact: PySide team <contact@pyside.org>

    This library is free software; you can redistribute it and/or
    modify it under the terms of the GNU Lesser General Public
    License as published by the Free Software Foundation; either
    version 2.1 of the License, or (at your option) any later version.

    This library is distributed in the hope that it will be useful,
    but WITHOUT ANY WARRANTY; without even the implied warranty of
    MERCHANTABILITY or FITNESS FOR A PARTICULAR PURPOSE.  See the GNU
    Lesser General Public License for more details.

    You should have received a copy of the GNU Lesser General Public
    License along with this library; if not, write to the Free Software
    Foundation, Inc., 51 Franklin Street, Fifth Floor, Boston, MA  02110-1301  USA
-->
<typesystem package="PySide.QtScriptTools">
    <load-typesystem name="typesystem_script.xml" generate="no" />
    <load-typesystem name="typesystem_gui.xml" generate="no" />

    <object-type name="QScriptEngineDebugger">
        <enum-type name="DebuggerAction"/>
        <enum-type name="DebuggerState" since="4.6"/>
        <enum-type name="DebuggerWidget"/>
        <extra-includes>
            <include file-name="QScriptEngine" location="global"/>
        </extra-includes>
    </object-type>
</typesystem>
