<?xml version="1.0"?>
<!--
    This file is part of PySide project.
    Copyright (C) 2013 Digia Plc and/or its subsidiary(-ies).
    Contact: PySide team <contact@pyside.org>

    This library is free software; you can redistribute it and/or
    modify it under the terms of the GNU Lesser General Public
    License as published by the Free Software Foundation; either
    version 2.1 of the License, or (at your option) any later version.

    This library is distributed in the hope that it will be useful,
    but WITHOUT ANY WARRANTY; without even the implied warranty of
    MERCHANTABILITY or FITNESS FOR A PARTICULAR PURPOSE.  See the GNU
    Lesser General Public License for more details.

    You should have received a copy of the GNU Lesser General Public
    License along with this library; if not, write to the Free Software
    Foundation, Inc., 51 Franklin Street, Fifth Floor, Boston, MA  02110-1301  USA
-->
<typesystem package="PySide.QtGui">

  <rejection class="" function-name="qt_x11_getX11InfoForWindow"/>
  <rejection class="QX11Info" field-name="x11data"/>
  <value-type name="QX11Info">
    <add-function signature="display()" return-type="unsigned long" static="yes">
        <inject-code>
            %PYARG_0 = PyLong_FromVoidPtr(%TYPE::%FUNCTION_NAME());
        </inject-code>
    </add-function>
    <modify-function signature="visual()const">
        <inject-code>
            %PYARG_0 = PyLong_FromVoidPtr(%CPPSELF.%FUNCTION_NAME());
        </inject-code>
    </modify-function>
    <modify-function signature="appVisual(int)">
        <inject-code>
            %PYARG_0 = PyLong_FromVoidPtr(%CPPSELF.%FUNCTION_NAME());
        </inject-code>
    </modify-function>
  </value-type>
  <object-type name="QX11EmbedContainer">
    <enum-type name="Error"/>
  </object-type>
  <object-type name="QX11EmbedWidget">
    <enum-type name="Error"/>
  </object-type>

  <enum-type name="QPixmap::ShareMode"/>
</typesystem>
